{"columns":["unique_id","building_block_type","ng_vsh40_pct","base_depth_mtvd","thickness_mtvd","top_depth_mtvd","descriptive_reservoir_quality","parent_system_identifier"],"index":[0,1,2,3,4,5,6,7,8,9,10,11,12,13,14,15,16,17,18,19,20,21,22,23,24,25,26,27,28,29,30,31,32,33,34,35,36,37,38,39,40,41,42,43,44,45,46,47,48,49,50,51,52,53,54,55,56,57,58,59,60,61,62,63,64,65,66,67,68,69,70,71,72,73,74,75,76,77,78,79,80,81,82,83,84,85,86,87,88,89,90,91,92,93,94,95,96,97,98,99],"data":[[0,"Shoreface",10.0,2027.7355400255,64.6787832394,2092.4143232649,"Poor <30% NG",24],[1,"Fan Delta",10.8080808081,7279.9692934253,78.5840570096,7358.5533504348,"Poor <30% NG",43],[2,"Estuary",11.6161616162,3593.0460934239,44.5735502349,3637.6196436588,"Poor <30% NG",12],[3,"Delta",12.4242424242,1410.4248093941,64.0082615737,1474.4330709679,"Poor <30% NG",40],[4,"Zone_E",13.2323232323,5966.9745569282,76.4269152452,6043.4014721734,"Poor <30% NG",6],[5,"Shoreface",14.0404040404,684.2167404736,66.3672325164,750.5839729901,"Poor <30% NG",5],[6,"Fan Delta",14.8484848485,6831.5047684289,70.1161256739,6901.6208941028,"Poor <30% NG",45],[7,"Estuary",15.6565656566,6621.2993219023,82.3625357962,6703.6618576984,"Poor <30% NG",10],[8,"Delta",16.4646464646,6302.275003473,93.767467173,6396.0424706461,"Poor <30% NG",36],[9,"Zone_E",17.2727272727,3148.3404068512,11.0472668506,3159.3876737018,"Poor <30% NG",34],[10,"Shoreface",18.0808080808,1985.7827708446,15.0208291944,2000.803600039,"Poor <30% NG",40],[11,"Fan Delta",18.8888888889,4593.9956011862,95.8544060122,4689.8500071984,"Poor <30% NG",12],[12,"Estuary",19.696969697,6023.2871180413,20.227194698,6043.5143127393,"Poor <30% NG",25],[13,"Delta",20.5050505051,19.8590971792,81.0026893409,100.8617865201,"Poor <30% NG",10],[14,"Zone_E",21.3131313131,1057.0141203004,95.0726637877,1152.0867840881,"Poor <30% NG",48],[15,"Shoreface",22.1212121212,5331.8967667183,1.8664790675,5333.7632457858,"Poor <30% NG",29],[16,"Fan Delta",22.9292929293,759.4988716239,50.1600183678,809.6588899917,"Poor <30% NG",10],[17,"Estuary",23.7373737374,2554.1257993023,97.8228237244,2651.9486230267,"Poor <30% NG",21],[18,"Delta",24.5454545455,6084.6010976416,4.5025210253,6089.1036186668,"Poor <30% NG",37],[19,"Zone_E",25.3535353535,3328.6903971054,70.5272169227,3399.2176140281,"Poor <30% NG",41],[20,"Shoreface",26.1616161616,5034.9361599576,79.2499389354,5114.186098893,"Poor <30% NG",5],[21,"Fan Delta",26.9696969697,2811.1383473797,40.6109336076,2851.7492809873,"Poor <30% NG",49],[22,"Estuary",27.7777777778,2647.117690714,87.8325784547,2734.9502691687,"Poor <30% NG",12],[23,"Delta",28.5858585859,2666.3985742675,51.7383435272,2718.1369177947,"Poor <30% NG",49],[24,"Zone_E",29.3939393939,335.5253922081,9.3630287874,344.8884209955,"Poor <30% NG",47],[25,"Shoreface",30.202020202,5571.9732369358,24.4214714861,5596.3947084218,"Moderate 30-65% NG",44],[26,"Fan Delta",31.0101010101,1478.6758122152,7.608436484,1486.2842486992,"Moderate 30-65% NG",8],[27,"Estuary",31.8181818182,6910.7872630764,15.2835357668,6926.0707988433,"Moderate 30-65% NG",48],[28,"Delta",32.6262626263,914.0791864436,71.3342429237,985.4134293673,"Moderate 30-65% NG",12],[29,"Zone_E",33.4343434343,6897.8569779225,66.8379811499,6964.6949590723,"Moderate 30-65% NG",17],[30,"Shoreface",34.2424242424,3995.2844776106,16.7849098035,4012.0693874141,"Moderate 30-65% NG",40],[31,"Fan Delta",35.0505050505,3814.4731610571,18.7133502726,3833.1865113297,"Moderate 30-65% NG",38],[32,"Estuary",35.8585858586,4683.4398957027,2.6658343449,4686.1057300476,"Moderate 30-65% NG",7],[33,"Delta",36.6666666667,3616.542334494,98.0731422252,3714.6154767192,"Moderate 30-65% NG",47],[34,"Zone_E",37.4747474747,1322.6139251363,38.480379165,1361.0943043012,"Moderate 30-65% NG",24],[35,"Shoreface",38.2828282828,3568.5763501961,37.8594275004,3606.4357776964,"Moderate 30-65% NG",11],[36,"Fan Delta",39.0909090909,6524.3316743729,12.6784364287,6537.0101108016,"Moderate 30-65% NG",49],[37,"Estuary",39.898989899,1378.3050622337,7.8329787409,1386.1380409746,"Moderate 30-65% NG",3],[38,"Delta",40.7070707071,7053.3324165108,18.1951299156,7071.5275464265,"Moderate 30-65% NG",47],[39,"Zone_E",41.5151515152,6066.241546458,88.6311608968,6154.8727073548,"Moderate 30-65% NG",4],[40,"Shoreface",42.3232323232,3185.8547308865,68.0667947931,3253.9215256795,"Moderate 30-65% NG",31],[41,"Fan Delta",43.1313131313,5268.2559392433,29.8291056059,5298.0850448492,"Moderate 30-65% NG",6],[42,"Estuary",43.9393939394,4006.0859986367,25.5724406366,4031.6584392733,"Moderate 30-65% NG",13],[43,"Delta",44.7474747475,6257.0428010062,7.2942608923,6264.3370618985,"Moderate 30-65% NG",13],[44,"Zone_E",45.5555555556,7358.0473938759,17.6213841787,7375.6687780546,"Moderate 30-65% NG",18],[45,"Shoreface",46.3636363636,4743.1034953762,74.8040703873,4817.9075657635,"Moderate 30-65% NG",37],[46,"Fan Delta",47.1717171717,3815.247785323,53.4405945081,3868.688379831,"Moderate 30-65% NG",34],[47,"Estuary",47.9797979798,865.6218721904,88.4187138417,954.0405860321,"Moderate 30-65% NG",15],[48,"Delta",48.7878787879,5936.815332818,33.8532513076,5970.6685841255,"Moderate 30-65% NG",40],[49,"Zone_E",49.595959596,241.844554569,32.491717183,274.3362717519,"Moderate 30-65% NG",7],[50,"Shoreface",50.404040404,326.7079250054,68.2831385563,394.9910635617,"Moderate 30-65% NG",40],[51,"Fan Delta",51.2121212121,7193.0885578595,36.3450771929,7229.4336350525,"Moderate 30-65% NG",43],[52,"Estuary",52.0202020202,3252.138553115,6.3502155003,3258.4887686153,"Moderate 30-65% NG",49],[53,"Delta",52.8282828283,4618.4701962573,66.6435628479,4685.1137591052,"Moderate 30-65% NG",45],[54,"Zone_E",53.6363636364,7164.8630854095,95.6170767109,7260.4801621204,"Moderate 30-65% NG",21],[55,"Shoreface",54.4444444444,7341.2631852973,88.1679435157,7429.431128813,"Moderate 30-65% NG",43],[56,"Fan Delta",55.2525252525,6340.7175835484,26.199390963,6366.9169745114,"Moderate 30-65% NG",1],[57,"Estuary",56.0606060606,2313.612473271,81.7864907011,2395.3989639721,"Moderate 30-65% NG",26],[58,"Delta",56.8686868687,4504.1996239586,21.1359299563,4525.3355539149,"Moderate 30-65% NG",36],[59,"Zone_E",57.6767676768,3226.3570464114,43.6760018709,3270.0330482823,"Moderate 30-65% NG",17],[60,"Shoreface",58.4848484848,853.3834471742,33.8987763624,887.2822235366,"Moderate 30-65% NG",26],[61,"Fan Delta",59.2929292929,4965.9398653824,45.259476487,5011.1993418694,"Moderate 30-65% NG",9],[62,"Estuary",60.101010101,6980.925264521,25.0304722769,7005.9557367979,"Moderate 30-65% NG",2],[63,"Delta",60.9090909091,6069.4146614885,25.0584642479,6094.4731257364,"Moderate 30-65% NG",19],[64,"Zone_E",61.7171717172,6706.3498192421,11.0492114257,6717.3990306678,"Moderate 30-65% NG",47],[65,"Shoreface",62.5252525253,1063.8206843587,32.8491674434,1096.6698518021,"Moderate 30-65% NG",38],[66,"Fan Delta",63.3333333333,7273.2871232472,7.2254970114,7280.5126202586,"Moderate 30-65% NG",20],[67,"Estuary",64.1414141414,3480.6149609133,42.2125832803,3522.8275441936,"Moderate 30-65% NG",49],[68,"Delta",64.9494949495,6542.9519730556,32.089959625,6575.0419326805,"Moderate 30-65% NG",27],[69,"Zone_E",65.7575757576,2795.6122799628,54.5279357782,2850.1402157411,"Good 65-85% NG",32],[70,"Shoreface",66.5656565657,4118.4134767194,44.0670540619,4162.4805307813,"Good 65-85% NG",17],[71,"Fan Delta",67.3737373737,3206.9150745439,63.5641752565,3270.4792498004,"Good 65-85% NG",32],[72,"Estuary",68.1818181818,6987.5293302593,29.8966995391,7017.4260297984,"Good 65-85% NG",2],[73,"Delta",68.9898989899,6212.0049042125,90.7611139812,6302.7660181937,"Good 65-85% NG",15],[74,"Zone_E",69.797979798,404.6748681387,60.0096630866,464.6845312253,"Good 65-85% NG",7],[75,"Shoreface",70.6060606061,4237.0964405673,35.5660632878,4272.6625038552,"Good 65-85% NG",6],[76,"Fan Delta",71.4141414141,5343.368348158,13.6933345323,5357.0616826903,"Good 65-85% NG",9],[77,"Estuary",72.2222222222,332.5282942241,30.9499322256,363.4782264497,"Good 65-85% NG",10],[78,"Delta",73.0303030303,3681.0321547247,3.1762009508,