{"columns":["unique_id","building_block_type","ng_vsh40_pct","base_depth_mtvd","thickness_mtvd","top_depth_mtvd","descriptive_reservoir_quality"],"index":[0,1,2,3,4,5,6,7,8,9,10,11,12,13,14,15,16,17,18,19,20,21,22,23,24,25,26,27,28,29,30,31,32,33,34,35,36,37,38,39,40,41,42,43,44,45,46,47,48,49],"data":[[0,"Shoreface",10.0,6910.0066561065,47.8821480977,6957.8888042042,"Poor <30% NG"],[1,"Fan Delta",11.6326530612,1218.2382733305,15.1903887548,1233.4286620853,"Poor <30% NG"],[2,"Estuary",13.2653061224,1288.6845616179,73.4698491312,1362.1544107491,"Poor <30% NG"],[3,"Delta",14.8979591837,4044.0357215673,95.320557642,4139.3562792094,"Poor <30% NG"],[4,"Shoreface",16.5306122449,7050.0259921253,74.3900207003,7124.4160128256,"Poor <30% NG"],[5,"Fan Delta",18.1632653061,512.6403811653,29.1645617973,541.8049429626,"Poor <30% NG"],[6,"Estuary",19.7959183673,3966.8195165322,15.0440688034,3981.8635853356,"Poor <30% NG"],[7,"Delta",21.4285714286,7163.0529483733,39.5653929793,7202.6183413526,"Poor <30% NG"],[8,"Shoreface",23.0612244898,2655.3990633462,21.6843966089,2677.083459955,"Poor <30% NG"],[9,"Fan Delta",24.693877551,746.3201511291,3.9630161394,750.2831672684,"Poor <30% NG"],[10,"Estuary",26.3265306122,5497.7962162903,47.7730151907,5545.569231481,"Poor <30% NG"],[11,"Delta",27.9591836735,5752.7955126884,50.2521486654,5803.0476613538,"Poor <30% NG"],[12,"Shoreface",29.5918367347,3607.2546632851,74.5819011911,3681.8365644762,"Poor <30% NG"],[13,"Fan Delta",31.2244897959,1863.578587566,86.5570480566,1950.1356356226,"Moderate 30-65% NG"],[14,"Estuary",32.8571428571,7461.4315633981,63.0587291731,7524.4902925712,"Moderate 30-65% NG"],[15,"Delta",34.4897959184,3140.6224472303,9.5438059854,3150.1662532158,"Moderate 30-65% NG"],[16,"Shoreface",36.1224489796,7531.0322183946,20.9961376027,7552.0283559974,"Moderate 30-65% NG"],[17,"Fan Delta",37.7551020408,822.7076814501,63.8141266213,886.5218080714,"Moderate 30-65% NG"],[18,"Estuary",39.387755102,2189.2775848018,24.7864510009,2214.0640358027,"Moderate 30-65% NG"],[19,"Delta",41.0204081633,7336.6950282697,22.3840623115,7359.0790905812,"Moderate 30-65% NG"],[20,"Shoreface",42.6530612245,3416.6699912983,25.965488931,3442.6354802293,"Moderate 30-65% NG"],[21,"Fan Delta",44.2857142857,4464.9984165725,58.6862809707,4523.6846975432,"Moderate 30-65% NG"],[22,"Estuary",45.9183673469,3703.0361170474,0.0708921258,3703.1070091732,"Moderate 30-65% NG"],[23,"Delta",47.5510204082,7981.6280997966,0.0028137225,7981.6309135191,"Moderate 30-65% NG"],[24,"Shoreface",49.1836734694,7466.3330115735,2.7179514544,7469.0509630279,"Moderate 30-65% NG"],[25,"Fan Delta",50.8163265306,4391.6242382179,13.452571408,4405.0768096259,"Moderate 30-65% NG"],[26,"Estuary",52.4489795918,2905.4920206601,16.9511423341,2922.4431629941,"Moderate 30-65% NG"],[27,"Delta",54.0816326531,4148.7671457329,75.7204615606,4224.4876072935,"Moderate 30-65% NG"],[28,"Shoreface",55.7142857143,1735.0098359811,10.9891007154,1745.9989366964,"Moderate 30-65% NG"],[29,"Fan Delta",57.3469387755,1366.5941288328,4.4762826099,1371.0704114427,"Moderate 30-65% NG"],[30,"Estuary",58.9795918367,1342.5135839792,45.0151604696,1387.5287444488,"Moderate 30-65% NG"],[31,"Delta",60.612244898,6662.3210474164,51.1207667559,6713.4418141723,"Moderate 30-65% NG"],[32,"Shoreface",62.2448979592,3939.2556848795,81.0222334205,4020.2779183,"Moderate 30-65% NG"],[33,"Fan Delta",63.8775510204,1315.9050680247,36.7674042599,1352.6724722846,"Moderate 30-65% NG"],[34,"Estuary",65.5102040816,3087.5894510975,87.7149923176,3175.3044434151,"Good 65-85% NG"],[35,"Delta",67.1428571429,3622.4927691307,19.213770736,3641.7065398667,"Good 65-85% NG"],[36,"Shoreface",68.7755102041,1006.4795956525,33.4455217116,1039.925117364,"Good 65-85% NG"],[37,"Fan Delta",70.4081632653,7873.3622808895,49.6916440083,7923.0539248979,"Good 65-85% NG"],[38,"Estuary",72.0408163265,5909.5733458821,8.873185221,5918.4465311031,"Good 65-85% NG"],[39,"Delta",73.6734693878,6756.2218909697,18.7164710979,6774.9383620676,"Good 65-85% NG"],[40,"Shoreface",75.306122449,5639.7115443681,55.9641830636,5695.6757274317,"Good 65-85% NG"],[41,"Fan Delta",76.9387755102,3643.977402661,23.6354744967,3667.6128771577,"Good 65-85% NG"],[42,"Estuary",78.5714285714,3562.6018108478,31.57135175,3594.1731625978,"Good 65-85% NG"],[43,"Delta",80.2040816327,5763.0439867499,61.4751007658,5824.5190875157,"Good 65-85% NG"],[44,"Shoreface",81.8367346939,5318.9540188842,74.5913105058,5393.54532939,"Good 65-85% NG"],[45,"Fan Delta",83.4693877551,1975.2227456938,31.9439396486,2007.1666853424,"Good 65-85% NG"],[46,"Estuary",85.1020408163,7036.5358366566,12.0344302414,7048.570266898,"Exceptional 85-100% NG"],[47,"Delta",86.7346938776,5075.7165599526,26.5377093463,5102.2542692988,"Exceptional 85-100% NG"],[48,"Shoreface",88.3673469388,3777.581817766,7.9648257628,3785.5466435289,"Exceptional 85-100% NG"],[49,"Fan Delta",90.0,7369.8055648041,93.6788943651,7463.4844591692,"Exceptional 85-100% NG"]]}