{"columns":["unique_id","building_block_type","ng_vsh40_pct","base_depth_mtvd","thickness_mtvd","top_depth_mtvd","descriptive_reservoir_quality","conventional_facies_vs_hebs","confinement","relative_dip_position","relative_strike_position","parent_system_identifier"],"index":[0,1,2,3,4,5,6,7,8,9,10,11,12,13,14,15,16,17,18,19,20,21,22,23,24,25,26,27,28,29,30,31,32,33,34,35,36,37,38,39,40,41,42,43,44,45,46,47,48,49,50,51,52,53,54,55,56,57,58,59],"data":[[0,"MTC",10.0,6790.7249338905,98.7428137218,6889.4677476123,"Poor <30% NG","Conventional Turbidites","Confined","Medial","Margin",23],[1,"Channel Complex",11.3559322034,4626.1598151119,24.5232384373,4650.6830535491,"Poor <30% NG","Conventional Turbidites","Weakly Confined","Medial","Margin",24],[2,"Lobe Complex",12.7118644068,4909.4133570435,29.6125672667,4939.0259243102,"Poor <30% NG","Conventional Turbidites","Unconfined","Medial","Axial",21],[3,"MTC",14.0677966102,3389.9873312576,12.6087036775,3402.596034935,"Poor <30% NG","Hybrid Event Beds","Confined","Proximal","Axial",7],[4,"Channel Complex",15.4237288136,933.8638854293,44.2207978884,978.0846833176,"Poor <30% NG","Conventional Turbidites","Confined","Medial","Margin",17],[5,"Lobe Complex",16.7796610169,2444.5402379942,61.5545650292,2506.0948030234,"Poor <30% NG","Hybrid Event Beds","Unconfined","Medial","Axial",8],[6,"MTC",18.1355932203,4024.7042060697,15.1828398979,4039.8870459676,"Poor <30% NG","Hybrid Event Beds","Weakly Confined","Medial","Axial",28],[7,"Channel Complex",19.4915254237,3339.5302797624,40.3646913671,3379.8949711294,"Poor <30% NG","Hybrid Event Beds","Weakly Confined","Distal Fringe","Axial",21],[8,"Lobe Complex",20.8474576271,7958.9361027798,73.2767506825,8032.2128534623,"Poor <30% NG","Hybrid Event Beds","Weakly Confined","Medial","Off Axis",8],[9,"MTC",22.2033898305,277.6012272278,80.5957344664,358.1969616943,"Poor <30% NG","Conventional Turbidites","Confined","Medial","Off Axis",12],[10,"Channel Complex",23.5593220339,1185.4825143063,99.2137257434,1284.6962400497,"Poor <30% NG","Conventional Turbidites","Weakly Confined","Medial","Margin",29],[11,"Lobe Complex",24.9152542373,1263.1321566982,67.1509421595,1330.2830988576,"Poor <30% NG","Conventional Turbidites","Confined","Medial","Off Axis",0],[12,"MTC",26.2711864407,4823.0733752901,90.8928853589,4913.9662606491,"Poor <30% NG","Hybrid Event Beds","Confined","Medial","Off Axis",28],[13,"Channel Complex",27.6271186441,2240.0934286993,12.1823019044,2252.2757306038,"Poor <30% NG","Hybrid Event Beds","Weakly Confined","Medial","Axial",15],[14,"Lobe Complex",28.9830508475,2489.1673152743,92.9579572668,2582.1252725411,"Poor <30% NG","Conventional Turbidites","Unconfined","Medial","Axial",20],[15,"MTC",30.3389830508,5686.2724574297,99.3097328499,5785.5821902795,"Moderate 30-65% NG","Conventional Turbidites","Weakly Confined","Medial","Off Axis",3],[16,"Channel Complex",31.6949152542,3645.2992576753,93.0445412136,3738.3437988889,"Moderate 30-65% NG","Hybrid Event Beds","Confined","Proximal","Axial",8],[17,"Lobe Complex",33.0508474576,3020.0921314949,89.711870272,3109.8040017669,"Moderate 30-65% NG","Hybrid Event Beds","Confined","Medial","Axial",3],[18,"MTC",34.406779661,1879.7324509272,1.6417594753,1881.3742104024,"Moderate 30-65% NG","Conventional Turbidites","Confined","Medial","Axial",16],[19,"Channel Complex",35.7627118644,344.0321290974,33.83265301,377.8647821075,"Moderate 30-65% NG","Hybrid Event Beds","Confined","Medial","Off Axis",19],[20,"Lobe Complex",37.1186440678,5609.1728533151,97.7546022504,5706.9274555655,"Moderate 30-65% NG","Conventional Turbidites","Unconfined","Proximal","Margin",28],[21,"MTC",38.4745762712,237.3144354637,63.9777774229,301.2922128866,"Moderate 30-65% NG","Hybrid Event Beds","Confined","Medial","Axial",22],[22,"Channel Complex",39.8305084746,1998.6517463884,29.5987212382,2028.2504676266,"Moderate 30-65% NG","Conventional Turbidites","Unconfined","Medial","Off Axis",0],[23,"Lobe Complex",41.186440678,124.19362769,7.1842659363,131.3778936264,"Moderate 30-65% NG","Conventional Turbidites","Weakly Confined","Medial","Axial",2],[24,"MTC",42.5423728814,2299.746650159,41.3828699477,2341.1295201066,"Moderate 30-65% NG","Conventional Turbidites","Confined","Medial","Axial",4],[25,"Channel Complex",43.8983050847,1210.2574819384,27.6002738293,1237.8577557677,"Moderate 30-65% NG","Conventional Turbidites","Weakly Confined","Medial","Off Axis",14],[26,"Lobe Complex",45.2542372881,3976.1136816102,99.9166983104,4076.0303799206,"Moderate 30-65% NG","Conventional Turbidites","Weakly Confined","Distal Fringe","Axial",8],[27,"MTC",46.6101694915,2889.5364345818,35.1321753191,2924.6686099009,"Moderate 30-65% NG","Hybrid Event Beds","Weakly Confined","Medial","Axial",3],[28,"Channel Complex",47.9661016949,6467.0950671173,39.0301653829,6506.1252325003,"Moderate 30-65% NG","Conventional Turbidites","Weakly Confined","Medial","Margin",19],[29,"Lobe Complex",49.3220338983,3562.2450728151,85.9108384503,3648.1559112654,"Moderate 30-65% NG","Hybrid Event Beds","Confined","Medial","Margin",5],[30,"MTC",50.6779661017,1038.9428030337,29.1253542275,1068.0681572612,"Moderate 30-65% NG","Hybrid Event Beds","Confined","Medial","Off Axis",22],[31,"Channel Complex",52.0338983051,2156.7832011653,39.956787462,2196.7399886273,"Moderate 30-65% NG","Hybrid Event Beds","Weakly Confined","Medial","Axial",11],[32,"Lobe Complex",53.3898305085,6225.5518798344,0.9667973745,6226.5186772089,"Moderate 30-65% NG","Hybrid Event Beds","Confined","Medial","Axial",18],[33,"MTC",54.7457627119,1338.0833676457,49.8632445777,1387.9466122234,"Moderate 30-65% NG","Conventional Turbidites","Weakly Confined","Medial","Margin",4],[34,"Channel Complex",56.1016949153,5781.1251719877,70.7336247739,5851.8587967616,"Moderate 30-65% NG","Hybrid Event Beds","Weakly Confined","Medial","Axial",6],[35,"Lobe Complex",57.4576271186,3598.018211887,93.0629278367,3691.0811397238,"Moderate 30-65% NG","Conventional Turbidites","Unconfined","Medial","Axial",17],[36,"MTC",58.813559322,4956.4126652188,49.8145457596,5006.2272109784,"Moderate 30-65% NG","Conventional Turbidites","Weakly Confined","Medial","Off Axis",24],[37,"Channel Complex",60.1694915254,7006.9561833445,45.9540488623,7052.9102322068,"Moderate 30-65% NG","Conventional Turbidites","Weakly Confined","Distal Fringe","Axial",24],[38,"Lobe Complex",61.5254237288,6131.1712164313,18.6644123789,6149.8356288103,"Moderate 30-65% NG","Conventional Turbidites","Confined","Proximal","Off Axis",6],[39,"MTC",62.8813559322,1651.9732276736,46.1362643834,1698.109492057,"Moderate 30-65% NG","Hybrid Event Beds","Weakly Confined","Medial","Off Axis",29],[40,"Channel Complex",64.2372881356,7561.3245020588,83.3720604348,7644.6965624936,"Moderate 30-65% NG","Conventional Turbidites","Weakly Confined","Medial","Off Axis",18],[41,"Lobe Complex",65.593220339,133.0850812029,42.4992436999,175.5843249028,"Good 65-85% NG","Hybrid Event Beds","Confined","Distal Fringe","Axial",21],[42,"MTC",66.9491525424,6908.2761857424,82.4911714808,6990.7673572233,"Good 65-85% NG","Conventional Turbidites","Confined","Distal Fringe","Margin",3],[43,"Channel Complex",68.3050847458,4938.9913224296,69.8569074633,5008.848229893,"Good 65-85% NG","Conventional Turbidites","Unconfined","Medial","Off Axis",8],[44,"Lobe Complex",69.6610169492,7319.1622272703,75.1771969035,7394.3394241737,"Good 65-85% NG","Hybrid Event Beds","Unconfined","Distal Fringe","Margin",15],[45,"MTC",71.0169491525,1186.1936831848,42.3447264648,1228.5384096495,"Good 65-85% NG","Hybrid Event Beds","Weakly Confined","Medial","Axial",9],[46,"Channel Complex",72.3728813559,2539.1869123804,67.5744943727,2606.7614067531,"Good 65-85% NG","Hybrid Event Beds","Weakly Confined","Medial","Axial",14],[47,"Lobe Complex",73.7288135593,2156.1616781929,40.7384168075,2196.9000950004,"Good 65-85% NG","Conventional Turbidites","Weakly Confined","Medial","Off Axis",17],[48,"MTC",75.0847457627,2770.5646580063,12.9431891646,2783.507847171,"Good 65-85% NG",