{"columns":["unique_id","building_block_type","ng_vsh40_pct","base_depth_mtvd","thickness_mtvd","top_depth_mtvd","descriptive_reservoir_quality","conventional_facies_vs_hebs","confinement","relative_dip_position","relative_strike_position"],"index":[0,1,2,3,4,5,6,7,8,9,10,11,12,13,14,15,16,17,18,19,20,21,22,23,24,25,26,27,28,29],"data":[[0,"Channel System",10.0,2456.8845485585,9.1696976194,2466.0542461779,"Poor <30% NG","Conventional Turbidites","Unconfined","Medial","Margin"],[1,"Fan System",12.7586206897,7018.5938785876,33.980463823,7052.5743424106,"Poor <30% NG","Conventional Turbidites","Confined","Medial","Axial"],[2,"Channel System",15.5172413793,7639.9820917918,41.6333412846,7681.6154330764,"Poor <30% NG","Hybrid Event Beds","Weakly Confined","Medial","Axial"],[3,"Fan System",18.275862069,4344.9985746061,14.1401080398,4359.1386826459,"Poor <30% NG","Conventional Turbidites","Unconfined","Medial","Off Axis"],[4,"Channel System",21.0344827586,3333.8479492629,55.1957943987,3389.0437436616,"Poor <30% NG","Hybrid Event Beds","Weakly Confined","Medial","Margin"],[5,"Fan System",23.7931034483,5435.7799974308,73.5090252651,5509.2890226959,"Poor <30% NG","Conventional Turbidites","Weakly Confined","Distal Fringe","Margin"],[6,"Channel System",26.5517241379,1066.6989056571,26.8965853501,1093.5954910073,"Poor <30% NG","Hybrid Event Beds","Confined","Medial","Off Axis"],[7,"Fan System",29.3103448276,560.9981221585,51.9994597486,612.9975819072,"Poor <30% NG","Conventional Turbidites","Weakly Confined","Medial","Axial"],[8,"Channel System",32.0689655172,5871.7216219734,38.4950486072,5910.2166705806,"Moderate 30-65% NG","Hybrid Event Beds","Weakly Confined","Medial","Axial"],[9,"Fan System",34.8275862069,2289.4092388942,54.6461343042,2344.0553731984,"Moderate 30-65% NG","Hybrid Event Beds","Confined","Medial","Axial"],[10,"Channel System",37.5862068966,7255.83234433,44.2308142756,7300.0631586057,"Moderate 30-65% NG","Conventional Turbidites","Weakly Confined","Medial","Axial"],[11,"Fan System",40.3448275862,7803.9031699907,17.8780080609,7821.7811780516,"Moderate 30-65% NG","Conventional Turbidites","Weakly Confined","Proximal","Margin"],[12,"Channel System",43.1034482759,2713.1780441145,49.4011942974,2762.5792384119,"Moderate 30-65% NG","Hybrid Event Beds","Confined","Medial","Off Axis"],[13,"Fan System",45.8620689655,366.5647223814,7.0609253831,373.6256477645,"Moderate 30-65% NG","Conventional Turbidites","Weakly Confined","Medial","Margin"],[14,"Channel System",48.6206896552,7653.182805975,92.4539015492,7745.6367075242,"Moderate 30-65% NG","Conventional Turbidites","Weakly Confined","Medial","Off Axis"],[15,"Fan System",51.3793103448,67.7905397098,46.9775846345,114.7681243443,"Moderate 30-65% NG","Hybrid Event Beds","Confined","Medial","Axial"],[16,"Channel System",54.1379310345,883.1244727747,53.9985532951,937.1230260698,"Moderate 30-65% NG","Conventional Turbidites","Weakly Confined","Medial","Off Axis"],[17,"Fan System",56.8965517241,1630.5593098359,17.8774899777,1648.4367998136,"Moderate 30-65% NG","Conventional Turbidites","Weakly Confined","Medial","Axial"],[18,"Channel System",59.6551724138,2984.7614747979,4.6159086765,2989.3773834744,"Moderate 30-65% NG","Conventional Turbidites","Confined","Medial","Margin"],[19,"Fan System",62.4137931034,4596.1185877316,56.1570101164,4652.275597848,"Moderate 30-65% NG","Conventional Turbidites","Weakly Confined","Medial","Axial"],[20,"Channel System",65.1724137931,6621.9179779522,52.697916626,6674.6158945782,"Good 65-85% NG","Hybrid Event Beds","Unconfined","Medial","Margin"],[21,"Fan System",67.9310344828,3797.8855405638,93.9111924625,3891.7967330262,"Good 65-85% NG","Conventional Turbidites","Weakly Confined","Medial","Margin"],[22,"Channel System",70.6896551724,3881.7876033334,62.2525594082,3944.0401627416,"Good 65-85% NG","Conventional Turbidites","Weakly Confined","Distal Fringe","Off Axis"],[23,"Fan System",73.4482758621,1230.48048629,14.3945881555,1244.8750744455,"Good 65-85% NG","Conventional Turbidites","Weakly Confined","Medial","Margin"],[24,"Channel System",76.2068965517,3619.5293607925,10.263018188,3629.7923789806,"Good 65-85% NG","Conventional Turbidites","Weakly Confined","Medial","Margin"],[25,"Fan System",78.9655172414,6976.4770200892,23.5747945527,7000.0518146419,"Good 65-85% NG","Hybrid Event Beds","Weakly Confined","Medial","Axial"],[26,"Channel System",81.724137931,840.5033290201,40.9272998312,881.4306288514,"Good 65-85% NG","Conventional Turbidites","Weakly Confined","Medial","Axial"],[27,"Fan System",84.4827586207,2444.6730489236,60.0750787584,2504.748127682,"Good 65-85% NG","Conventional Turbidites","Confined","Proximal","Off Axis"],[28,"Channel System",87.2413793103,5611.2155536725,41.3560611712,5652.5716148437,"Exceptional 85-100% NG","Hybrid Event Beds","Weakly Confined","Medial","Axial"],[29,"Fan System",90.0,5163.9957757665,45.958355846,5209.9541316124,"Exceptional 85-100% NG","Conventional Turbidites","Unconfined","Proximal","Axial"]]}